{
 "chart_name": "Mark Det",
 "chart_type": "Report",
 "creation": "2024-06-19 14:31:11.960337",
 "docstatus": 0,
 "doctype": "Dashboard Chart",
 "dynamic_filters_json": "{}",
 "filters_json": "{}",
 "group_by_type": "Count",
 "idx": 3,
 "is_public": 1,
 "is_standard": 1,
 "modified": "2024-06-19 15:35:59.949362",
 "modified_by": "Administrator",
 "module": "Estate App",
 "name": "Mark Det",
 "number_of_groups": 0,
 "owner": "Administrator",
 "report_name": "Student Rep",
 "roles": [],
 "time_interval": "Yearly",
 "timeseries": 0,
 "timespan": "Last Year",
 "type": "Bar",
 "use_report_chart": 1,
 "x_field": "",
 "y_axis": []
}