{
 "based_on": "",
 "chart_name": "Marks",
 "chart_type": "Group By",
 "creation": "2024-06-19 14:29:00.396508",
 "docstatus": 0,
 "doctype": "Dashboard Chart",
 "document_type": "Club Activity",
 "dynamic_filters_json": "[]",
 "filters_json": "[]",
 "group_by_based_on": "register_number",
 "group_by_type": "Count",
 "idx": 0,
 "is_public": 1,
 "is_standard": 1,
 "modified": "2024-06-19 14:29:00.396508",
 "modified_by": "Administrator",
 "module": "ESTATE PLAN",
 "name": "Marks",
 "number_of_groups": 0,
 "owner": "Administrator",
 "parent_document_type": "",
 "roles": [],
 "source": "",
 "time_interval": "Yearly",
 "timeseries": 0,
 "timespan": "Last Year",
 "type": "Line",
 "use_report_chart": 0,
 "value_based_on": "",
 "y_axis": []
}