[
 {
  "_assign": null,
  "_comments": null,
  "_last_update": null,
  "_liked_by": null,
  "_user_tags": null,
  "actions": [],
  "allow_auto_repeat": 0,
  "allow_copy": 0,
  "allow_events_in_timeline": 0,
  "allow_guest_to_view": 0,
  "allow_import": 0,
  "allow_rename": 1,
  "app": null,
  "autoname": "fieldemployee_id",
  "beta": 0,
  "color": null,
  "colour": null,
  "custom": 0,
  "default_email_template": null,
  "default_print_format": null,
  "default_view": null,
  "description": null,
  "docstatus": 0,
  "doctype": "DocType",
  "document_type": "",
  "documentation": null,
  "editable_grid": 1,
  "email_append_to": 0,
  "engine": "InnoDB",
  "fields": [
   {
    "allow_bulk_edit": 0,
    "allow_in_quick_entry": 0,
    "allow_on_submit": 0,
    "bold": 0,
    "collapsible": 0,
    "collapsible_depends_on": null,
    "columns": 0,
    "default": null,
    "depends_on": null,
    "description": null,
    "documentation_url": null,
    "fetch_from": null,
    "fetch_if_empty": 0,
    "fieldname": "name1",
    "fieldtype": "Data",
    "hidden": 0,
    "hide_border": 0,
    "hide_days": 0,
    "hide_seconds": 0,
    "ignore_user_permissions": 0,
    "ignore_xss_filter": 0,
    "in_filter": 0,
    "in_global_search": 0,
    "in_list_view": 1,
    "in_preview": 0,
    "in_standard_filter": 0,
    "is_virtual": 0,
    "label": "Name",
    "length": 0,
    "link_filters": null,
    "mandatory_depends_on": null,
    "max_height": null,
    "no_copy": 0,
    "non_negative": 0,
    "oldfieldname": null,
    "oldfieldtype": null,
    "options": null,
    "parent": "Teacher Details",
    "parentfield": "fields",
    "parenttype": "DocType",
    "permlevel": 0,
    "precision": "",
    "print_hide": 0,
    "print_hide_if_no_value": 0,
    "print_width": null,
    "read_only": 0,
    "read_only_depends_on": null,
    "remember_last_selected_value": 0,
    "report_hide": 0,
    "reqd": 1,
    "search_index": 0,
    "set_only_once": 0,
    "show_dashboard": 0,
    "show_preview_popup": 0,
    "sort_options": 0,
    "translatable": 0,
    "trigger": null,
    "unique": 0,
    "width": null
   },
   {
    "allow_bulk_edit": 0,
    "allow_in_quick_entry": 0,
    "allow_on_submit": 0,
    "bold": 0,
    "collapsible": 0,
    "collapsible_depends_on": null,
    "columns": 0,
    "default": null,
    "depends_on": null,
    "description": null,
    "documentation_url": null,
    "fetch_from": null,
    "fetch_if_empty": 0,
    "fieldname": "employee_id",
    "fieldtype": "Data",
    "hidden": 0,
    "hide_border": 0,
    "hide_days": 0,
    "hide_seconds": 0,
    "ignore_user_permissions": 0,
    "ignore_xss_filter": 0,
    "in_filter": 0,
    "in_global_search": 0,
    "in_list_view": 1,
    "in_preview": 0,
    "in_standard_filter": 0,
    "is_virtual": 0,
    "label": "Employee ID",
    "length": 0,
    "link_filters": null,
    "mandatory_depends_on": null,
    "max_height": null,
    "no_copy": 0,
    "non_negative": 0,
    "oldfieldname": null,
    "oldfieldtype": null,
    "options": null,
    "parent": "Teacher Details",
    "parentfield": "fields",
    "parenttype": "DocType",
    "permlevel": 0,
    "precision": "",
    "print_hide": 0,
    "print_hide_if_no_value": 0,
    "print_width": null,
    "read_only": 0,
    "read_only_depends_on": null,
    "remember_last_selected_value": 0,
    "report_hide": 0,
    "reqd": 1,
    "search_index": 0,
    "set_only_once": 0,
    "show_dashboard": 0,
    "show_preview_popup": 0,
    "sort_options": 0,
    "translatable": 0,
    "trigger": null,
    "unique": 0,
    "width": null
   },
   {
    "allow_bulk_edit": 0,
    "allow_in_quick_entry": 0,
    "allow_on_submit": 0,
    "bold": 0,
    "collapsible": 0,
    "collapsible_depends_on": null,
    "columns": 0,
    "default": null,
    "depends_on": null,
    "description": null,
    "documentation_url": null,
    "fetch_from": null,
    "fetch_if_empty": 0,
    "fieldname": "designation",
    "fieldtype": "Data",
    "hidden": 0,
    "hide_border": 0,
    "hide_days": 0,
    "hide_seconds": 0,
    "ignore_user_permissions": 0,
    "ignore_xss_filter": 0,
    "in_filter": 0,
    "in_global_search": 0,
    "in_list_view": 0,
    "in_preview": 0,
    "in_standard_filter": 0,
    "is_virtual": 0,
    "label": "Designation",
    "length": 0,
    "link_filters": null,
    "mandatory_depends_on": null,
    "max_height": null,
    "no_copy": 0,
    "non_negative": 0,
    "oldfieldname": null,
    "oldfieldtype": null,
    "options": null,
    "parent": "Teacher Details",
    "parentfield": "fields",
    "parenttype": "DocType",
    "permlevel": 0,
    "precision": "",
    "print_hide": 0,
    "print_hide_if_no_value": 0,
    "print_width": null,
    "read_only": 0,
    "read_only_depends_on": null,
    "remember_last_selected_value": 0,
    "report_hide": 0,
    "reqd": 0,
    "search_index": 0,
    "set_only_once": 0,
    "show_dashboard": 0,
    "show_preview_popup": 0,
    "sort_options": 0,
    "translatable": 0,
    "trigger": null,
    "unique": 0,
    "width": null
   },
   {
    "allow_bulk_edit": 0,
    "allow_in_quick_entry": 0,
    "allow_on_submit": 0,
    "bold": 0,
    "collapsible": 0,
    "collapsible_depends_on": null,
    "columns": 0,
    "default": null,
    "depends_on": null,
    "description": null,
    "documentation_url": null,
    "fetch_from": null,
    "fetch_if_empty": 0,
    "fieldname": "email",
    "fieldtype": "Data",
    "hidden": 0,
    "hide_border": 0,
    "hide_days": 0,
    "hide_seconds": 0,
    "ignore_user_permissions": 0,
    "ignore_xss_filter": 0,
    "in_filter": 0,
    "in_global_search": 0,
    "in_list_view": 0,
    "in_preview": 0,
    "in_standard_filter": 0,
    "is_virtual": 0,
    "label": "Email",
    "length": 0,
    "link_filters": null,
    "mandatory_depends_on": null,
    "max_height": null,
    "no_copy": 0,
    "non_negative": 0,
    "oldfieldname": null,
    "oldfieldtype": null,
    "options": null,
    "parent": "Teacher Details",
    "parentfield": "fields",
    "parenttype": "DocType",
    "permlevel": 0,
    "precision": "",
    "print_hide": 0,
    "print_hide_if_no_value": 0,
    "print_width": null,
    "read_only": 0,
    "read_only_depends_on": null,
    "remember_last_selected_value": 0,
    "report_hide": 0,
    "reqd": 0,
    "search_index": 0,
    "set_only_once": 0,
    "show_dashboard": 0,
    "show_preview_popup": 0,
    "sort_options": 0,
    "translatable": 0,
    "trigger": null,
    "unique": 0,
    "width": null
   }
  ],
  "force_re_route_to_default_view": 0,
  "has_web_view": 0,
  "hide_toolbar": 0,
  "icon": null,
  "image_field": null,
  "in_create": 0,
  "index_web_pages_for_search": 1,
  "is_calendar_and_gantt": 0,
  "is_published_field": null,
  "is_submittable": 0,
  "is_tree": 0,
  "is_virtual": 0,
  "issingle": 0,
  "istable": 0,
  "links": [],
  "make_attachments_public": 0,
  "max_attachments": 0,
  "menu_index": null,
  "migration_hash": null,
  "modified": "2024-06-16 16:18:28.136775",
  "module": "ESTATE PLAN",
  "name": "Teacher Details",
  "naming_rule": "By fieldname",
  "nsm_parent_field": null,
  "parent_node": null,
  "permissions": [],
  "print_outline": null,
  "queue_in_background": 0,
  "quick_entry": 1,
  "read_only": 0,
  "restrict_to_domain": null,
  "route": null,
  "search_fields": null,
  "sender_field": null,
  "sender_name_field": null,
  "show_name_in_global_search": 0,
  "show_preview_popup": 0,
  "show_title_field_in_link": 0,
  "smallicon": null,
  "sort_field": "modified",
  "sort_order": "DESC",
  "states": [],
  "subject": null,
  "subject_field": null,
  "tag_fields": null,
  "timeline_field": null,
  "title_field": null,
  "track_changes": 1,
  "track_seen": 0,
  "track_views": 0,
  "translated_doctype": 0,
  "website_search_field": null
 }
]