{
 "allow_comments": 0,
 "allow_delete": 0,
 "allow_edit": 0,
 "allow_incomplete": 0,
 "allow_multiple": 0,
 "allow_print": 0,
 "anonymous": 0,
 "apply_document_permissions": 0,
 "button_label": "Save",
 "client_script": "",
 "condition_json": "[]",
 "creation": "2024-06-19 09:57:57.478265",
 "doc_type": "Student Contact Details",
 "docstatus": 0,
 "doctype": "Web Form",
 "idx": 0,
 "is_standard": 1,
 "list_columns": [],
 "login_required": 0,
 "max_attachment_size": 0,
 "modified": "2024-06-19 13:05:33.064812",
 "modified_by": "Administrator",
 "module": "ESTATE PLAN",
 "name": "student-contact",
 "owner": "Administrator",
 "published": 1,
 "route": "student-contact",
 "show_attachments": 0,
 "show_list": 0,
 "show_sidebar": 0,
 "title": "Student Contact",
 "web_form_fields": [
  {
   "allow_read_on_all_link_options": 0,
   "fieldname": "register_number",
   "fieldtype": "Link",
   "hidden": 0,
   "label": "Register Number",
   "max_length": 0,
   "max_value": 0,
   "options": "Student",
   "precision": "",
   "read_only": 0,
   "reqd": 0,
   "show_in_filter": 0
  },
  {
   "allow_read_on_all_link_options": 0,
   "fieldname": "student_name",
   "fieldtype": "Data",
   "hidden": 0,
   "label": "Student Name",
   "max_length": 0,
   "max_value": 0,
   "options": "Student.name1",
   "precision": "",
   "read_only": 0,
   "reqd": 0,
   "show_in_filter": 0
  },
  {
   "allow_read_on_all_link_options": 0,
   "fieldname": "mobile_number",
   "fieldtype": "Data",
   "hidden": 0,
   "label": "Mobile Number",
   "max_length": 0,
   "max_value": 0,
   "precision": "",
   "read_only": 0,
   "reqd": 0,
   "show_in_filter": 0
  },
  {
   "allow_read_on_all_link_options": 0,
   "fieldname": "email",
   "fieldtype": "Data",
   "hidden": 0,
   "label": "Email",
   "max_length": 0,
   "max_value": 0,
   "precision": "",
   "read_only": 0,
   "reqd": 0,
   "show_in_filter": 0
  },
  {
   "allow_read_on_all_link_options": 0,
   "fieldname": "address",
   "fieldtype": "Text Editor",
   "hidden": 0,
   "label": "Address",
   "max_length": 0,
   "max_value": 0,
   "precision": "",
   "read_only": 0,
   "reqd": 0,
   "show_in_filter": 0
  }
 ]
}