{
 "aggregate_function_based_on": "",
 "creation": "2024-06-19 14:17:25.013208",
 "docstatus": 0,
 "doctype": "Number Card",
 "document_type": "Student",
 "dynamic_filters_json": "[]",
 "filters_json": "[]",
 "function": "Count",
 "idx": 0,
 "is_public": 1,
 "is_standard": 1,
 "label": "Students",
 "modified": "2024-06-19 15:01:54.493166",
 "modified_by": "Administrator",
 "module": "ESTATE PLAN",
 "name": "Club Activity",
 "owner": "Administrator",
 "parent_document_type": "",
 "report_function": "Sum",
 "show_percentage_stats": 1,
 "stats_time_interval": "Daily",
 "type": "Document Type"
}