{
 "based_on": "creation",
 "chart_name": "TOTAL MARKS",
 "chart_type": "Sum",
 "creation": "2024-06-19 14:22:49.081239",
 "docstatus": 0,
 "doctype": "Dashboard Chart",
 "document_type": "Club Activity",
 "dynamic_filters_json": "[]",
 "filters_json": "[]",
 "group_by_type": "Count",
 "idx": 0,
 "is_public": 1,
 "is_standard": 1,
 "modified": "2024-06-19 14:22:59.190445",
 "modified_by": "Administrator",
 "module": "ESTATE PLAN",
 "name": "TOTAL MARKS",
 "number_of_groups": 0,
 "owner": "Administrator",
 "parent_document_type": "",
 "roles": [],
 "source": "",
 "time_interval": "Yearly",
 "timeseries": 1,
 "timespan": "Last Year",
 "type": "Line",
 "use_report_chart": 0,
 "value_based_on": "total_marks_obtained",
 "y_axis": []
}