{
 "actions": [],
 "allow_rename": 1,
 "creation": "2024-06-07 11:44:55.980543",
 "doctype": "DocType",
 "editable_grid": 1,
 "engine": "InnoDB",
 "field_order": [
  "subject_code",
  "subject_name",
  "mark_obtained",
  "maximum_marks",
  "percentage"
 ],
 "fields": [
  {
   "fieldname": "subject_code",
   "fieldtype": "Link",
   "in_list_view": 1,
   "label": "Subject Code",
   "options": "Subcode"
  },
  {
   "fetch_from": "subject_code.subject_name",
   "fieldname": "subject_name",
   "fieldtype": "Data",
   "in_list_view": 1,
   "label": "Subject Name"
  },
  {
   "fieldname": "mark_obtained",
   "fieldtype": "Float",
   "in_list_view": 1,
   "label": "Mark Obtained"
  },
  {
   "fetch_from": "subject_code.maximum_marks",
   "fieldname": "maximum_marks",
   "fieldtype": "Float",
   "in_list_view": 1,
   "label": "Maximum Marks"
  },
  {
   "fieldname": "percentage",
   "fieldtype": "Float",
   "in_list_view": 1,
   "label": "Percentage"
  }
 ],
 "index_web_pages_for_search": 1,
 "istable": 1,
 "links": [],
 "modified": "2024-06-10 21:43:18.123940",
 "modified_by": "Administrator",
 "module": "ESTATE PLAN",
 "name": "Mark",
 "owner": "Administrator",
 "permissions": [],
 "sort_field": "modified",
 "sort_order": "DESC",
 "states": []
}