{
 "actions": [],
 "allow_rename": 1,
 "creation": "2024-05-21 10:31:31.042433",
 "doctype": "DocType",
 "editable_grid": 1,
 "engine": "InnoDB",
 "field_order": [
  "amenity"
 ],
 "fields": [
  {
   "fieldname": "amenity",
   "fieldtype": "Link",
   "in_list_view": 1,
   "label": "Amenity",
   "options": "Property Amenity Item"
  }
 ],
 "index_web_pages_for_search": 1,
 "istable": 1,
 "links": [],
 "modified": "2024-05-21 10:43:35.252179",
 "modified_by": "Administrator",
 "module": "Estate App",
 "name": "Property Amenity Details",
 "owner": "Administrator",
 "permissions": [],
 "sort_field": "modified",
 "sort_order": "DESC",
 "states": []
}