{
 "charts": [
  {
   "chart_name": "Profit and Loss",
   "label": "Profit And Loss"
  }
 ],
 "content": "[{\"id\":\"rLJ0y36BQ7\",\"type\":\"header\",\"data\":{\"text\":\"<span class=\\\"h4\\\">Estate App</span>\",\"col\":12}},{\"id\":\"KICXaKPSUN\",\"type\":\"chart\",\"data\":{\"chart_name\":\"Profit And Loss\",\"col\":12}},{\"id\":\"S6z4Rzkpjs\",\"type\":\"header\",\"data\":{\"text\":\"<span class=\\\"h4\\\"><b>Shortcuts <br></b></span>\",\"col\":12}},{\"id\":\"T21IOwxEOJ\",\"type\":\"shortcut\",\"data\":{\"shortcut_name\":\"Doctype\",\"col\":3}},{\"id\":\"1WJhxrR45f\",\"type\":\"shortcut\",\"data\":{\"shortcut_name\":\"Student\",\"col\":3}},{\"id\":\"37SgWmYZ9L\",\"type\":\"shortcut\",\"data\":{\"shortcut_name\":\"Property Amenity Item\",\"col\":3}},{\"id\":\"THS7cFI9T1\",\"type\":\"shortcut\",\"data\":{\"shortcut_name\":\"Agent\",\"col\":3}},{\"id\":\"3V4qfMaKSB\",\"type\":\"card\",\"data\":{\"card_name\":\"Property\",\"col\":4}},{\"id\":\"WJzC2kcixU\",\"type\":\"card\",\"data\":{\"card_name\":\"Stakeholders\",\"col\":4}}]",
 "creation": "2024-06-11 13:27:41.559755",
 "custom_blocks": [],
 "docstatus": 0,
 "doctype": "Workspace",
 "for_user": "",
 "hide_custom": 0,
 "icon": "arrow-right",
 "idx": 0,
 "indicator_color": "yellow",
 "is_hidden": 0,
 "label": "Estate App",
 "links": [
  {
   "hidden": 0,
   "is_query_report": 0,
   "label": "Property",
   "link_count": 4,
   "link_type": "DocType",
   "onboard": 0,
   "type": "Card Break"
  },
  {
   "hidden": 0,
   "is_query_report": 0,
   "label": "Property Amenity Item",
   "link_count": 0,
   "link_to": "Property Amenity Item",
   "link_type": "DocType",
   "onboard": 0,
   "type": "Link"
  },
  {
   "hidden": 0,
   "is_query_report": 0,
   "label": "Property",
   "link_count": 0,
   "link_to": "Property",
   "link_type": "DocType",
   "onboard": 0,
   "type": "Link"
  },
  {
   "hidden": 0,
   "is_query_report": 0,
   "label": "Property Setter",
   "link_count": 0,
   "link_to": "Property Setter",
   "link_type": "DocType",
   "onboard": 0,
   "type": "Link"
  },
  {
   "hidden": 0,
   "is_query_report": 0,
   "label": "Property Type",
   "link_count": 0,
   "link_to": "Property Type",
   "link_type": "DocType",
   "onboard": 0,
   "type": "Link"
  },
  {
   "hidden": 0,
   "is_query_report": 0,
   "label": "Stakeholders",
   "link_count": 4,
   "link_type": "DocType",
   "onboard": 0,
   "type": "Card Break"
  },
  {
   "hidden": 0,
   "is_query_report": 0,
   "label": "AGENT",
   "link_count": 0,
   "link_to": "AGENT",
   "link_type": "DocType",
   "onboard": 0,
   "type": "Link"
  },
  {
   "hidden": 0,
   "is_query_report": 0,
   "label": "Customer",
   "link_count": 0,
   "link_to": "Customer",
   "link_type": "DocType",
   "onboard": 0,
   "type": "Link"
  },
  {
   "hidden": 0,
   "is_query_report": 0,
   "label": "Customer Group",
   "link_count": 0,
   "link_to": "Customer Group",
   "link_type": "DocType",
   "onboard": 0,
   "type": "Link"
  },
  {
   "hidden": 0,
   "is_query_report": 0,
   "label": "Lead",
   "link_count": 0,
   "link_to": "Lead",
   "link_type": "DocType",
   "onboard": 0,
   "type": "Link"
  }
 ],
 "modified": "2024-06-11 17:00:26.425012",
 "modified_by": "Administrator",
 "module": "ESTATE PLAN",
 "name": "Estate App",
 "number_cards": [],
 "owner": "Administrator",
 "parent_page": "Website",
 "public": 1,
 "quick_lists": [],
 "roles": [],
 "sequence_id": 39.0,
 "shortcuts": [
  {
   "color": "Grey",
   "doc_view": "List",
   "label": "Doctype",
   "link_to": "DocType",
   "stats_filter": "[]",
   "type": "DocType"
  },
  {
   "color": "Grey",
   "doc_view": "List",
   "label": "Student",
   "link_to": "Student",
   "stats_filter": "[]",
   "type": "DocType"
  },
  {
   "color": "Grey",
   "doc_view": "List",
   "label": "Property Amenity Item",
   "link_to": "Property Amenity Item",
   "stats_filter": "[]",
   "type": "DocType"
  },
  {
   "color": "Grey",
   "doc_view": "List",
   "label": "Agent",
   "link_to": "AGENT",
   "stats_filter": "[]",
   "type": "DocType"
  }
 ],
 "title": "Estate App"
}