{
 "based_on": "creation",
 "chart_name": "Student Numbers",
 "chart_type": "Count",
 "creation": "2024-06-19 14:11:11.524695",
 "docstatus": 0,
 "doctype": "Dashboard Chart",
 "document_type": "Student",
 "dynamic_filters_json": "[]",
 "filters_json": "[]",
 "group_by_type": "Count",
 "idx": 0,
 "is_public": 1,
 "is_standard": 1,
 "modified": "2024-06-19 14:11:29.819680",
 "modified_by": "Administrator",
 "module": "ESTATE PLAN",
 "name": "Student Numbers",
 "number_of_groups": 0,
 "owner": "Administrator",
 "parent_document_type": "",
 "roles": [],
 "source": "",
 "time_interval": "Daily",
 "timeseries": 1,
 "timespan": "Last Quarter",
 "type": "Pie",
 "use_report_chart": 0,
 "value_based_on": "",
 "y_axis": []
}