{
 "aggregate_function_based_on": "",
 "creation": "2024-06-19 14:12:41.677955",
 "docstatus": 0,
 "doctype": "Number Card",
 "document_type": "Club Activity",
 "dynamic_filters_json": "[]",
 "filters_json": "[]",
 "function": "Count",
 "idx": 0,
 "is_public": 1,
 "is_standard": 1,
 "label": "Marks",
 "modified": "2024-06-19 14:15:04.056160",
 "modified_by": "Administrator",
 "module": "ESTATE PLAN",
 "name": "Students",
 "owner": "Administrator",
 "parent_document_type": "",
 "report_function": "Sum",
 "report_name": "Report Student Details",
 "show_percentage_stats": 1,
 "stats_time_interval": "Daily",
 "type": "Document Type"
}