{
 "aggregate_function_based_on": "",
 "creation": "2024-06-19 15:35:13.130740",
 "docstatus": 0,
 "doctype": "Number Card",
 "document_type": "Student",
 "dynamic_filters_json": "[]",
 "filters_json": "[]",
 "function": "Count",
 "idx": 0,
 "is_public": 1,
 "is_standard": 1,
 "label": "Number of Students",
 "modified": "2024-06-19 15:35:29.284353",
 "modified_by": "Administrator",
 "module": "ESTATE PLAN",
 "name": "Number of Students-1",
 "owner": "Administrator",
 "parent_document_type": "",
 "report_function": "Sum",
 "show_percentage_stats": 1,
 "stats_time_interval": "Daily",
 "type": "Document Type"
}